{"SPEED": [0.0, 0.0, 0.0, 0.0, 0.0, 0.0, 0.0, 0.0, 0.0, 0.0, 0.0, 0.0, 0.0, 0.0, 0.0, 0.0, 0.0, 0.0, 0.0, 0.0, 0.0, 0.0, 0.0, 0.0, 0.0, 0.0, 0.0, 0.0, 0.0, 0.0, 0.0, 0.0, 0.0, 0.0, 0.0, 0.0, 0.0, 0.0, 0.0, 0.0, 0.0, 0.0, 0.0, 0.0, 0.0, 0.0, 0.0, 0.0, 0.0, 0.0, 0.0, 0.0, 0.0, 0.0, 0.0, 0.0, 0.0, 0.0, 0.0, 0.0, 0.0, 0.0, 0.0, 2.0, 9.0, 14.0, 16.0, 18.0, 18.0, 19.0, 16.0, 15.0, 19.0, 25.0, 28.0, 29.0, 28.0, 27.0, 28.0, 29.0, 29.0, 30.0, 30.0, 30.0, 29.0, 29.0, 30.0, 31.0, 31.0, 31.0, 31.0, 31.0, 30.0, 30.0, 29.0, 27.0, 25.0, 25.0, 26.0, 26.0, 26.0, 26.0, 26.0, 27.0, 26.0, 27.0, 27.0, 27.0, 27.0, 27.0, 27.0, 27.0, 27.0, 27.0, 27.0, 27.0, 28.0, 28.0, 28.0, 28.0], "FUEL_LEVEL": [null, 22.75, null, 22.75, null, 22.75, null, 22.75, null, 22.75, null, 22.75, null, 22.75, null, 22.75, null, 22.75, null, 22.75, null, 22.75, null, 22.75, null, 22.75, null, 22.75, null, 22.75, null, 22.75, null, 22.75, null, 22.75, null, 22.75, null, 22.75, null, 22.75, null, 22.75, null, 22.75, null, 22.75, null, 22.75, null, 22.75, null, 22.75, null, 22.75, null, 22.75, null, 22.75, null, 22.75, null, 22.35, null, 20.39, null, 21.57, null, 21.57, null, 18.82, null, 22.75, null, 22.75, null, 21.57, null, 23.92, null, 21.18, null, 22.35, null, 22.75, null, 21.96, null, 19.61, null, 18.82, null, 21.96, null, 19.61, null, 21.57, null, 22.35, null, 20.78, null, 19.61, null, 18.82, null, 18.82, null, 20.39, null, 20.78, null, 19.22, null, 22.35, null, 19.22, null, 18.43], "COMMANDED_EQUIV_RATIO": [1.0, 1.0, 1.0, 1.0, 1.0, 1.0, 1.0, 1.0, 1.0, 1.0, 1.0, 1.0, 1.0, 1.0, 1.0, 1.0, 1.0, 1.0, 1.0, 1.0, 1.0, 1.0, 1.0, 1.0, 1.0, 1.0, 1.0, 1.0, 1.0, 1.0, 1.0, 1.0, 1.0, 1.0, 1.0, 1.0, 1.0, 1.0, 1.0, 1.0, 1.0, 1.0, 1.0, 1.0, 1.0, 1.0, 1.0, 1.0, 1.0, 1.0, 1.0, 1.0, 1.0, 1.0, 1.0, 1.0, 1.0, 1.0, 1.0, 1.0, 1.0, 1.0, 1.0, 1.0, 1.0, 1.0, 1.0, 1.0, 1.0, 2.0, 1.0, 1.0, 1.0, 1.0, 1.0, 1.0, 1.0, 1.0, 1.0, 1.0, 1.0, 1.0, 1.0, 1.0, 1.01, 0.96, 1.0, 1.0, 1.0, 1.0, 1.0, 1.0, 1.0, 1.0, 1.0, 1.0, 1.0, 1.0, 1.0, 1.0, 1.0, 1.0, 1.0, 1.0, 1.0, 1.0, 1.0, 1.0, 1.0, 1.0, 1.0, 1.0, 1.0, 1.0, 1.0, 1.0, 1.0, 1.0, 1.0, 1.0], "GPS_Long": [null, null, null, null, null, null, null, null, null, null, null, null, null, null, null, null, null, null, null, null, null, null, null, null, null, null, null, null, null, null, null, null, null, null, null, null, null, null, null, null, null, null, null, null, null, null, null, null, null, null, null, null, null, null, null, null, null, 8.971223833, null, 8.97121286, null, 8.971197103, null, 8.971188266, null, 8.971234173, null, 8.971344243, null, 8.971470595, null, 8.971594136, null, 8.971773336, null, 8.97193903, null, 8.972137102, null, 8.972238605, null, 8.972445144, null, null, null, 8.972940853, null, 8.973050545, null, 8.973261101, null, 8.973503525, null, 8.973623104, null, null, null, 8.973990725, null, 8.974171668, null, 8.974264709, null, 8.974450549, null, 8.974624536, null, null, null, 8.974898278, null, 8.975080085, null, 8.975285781, null, 8.975387893, null, 8.975576139, null, 8.975736079], "INTERNAL_AIR_TEMP": [null, null, null, null, null, null, null, null, null, null, null, null, null, null, null, null, null, null, null, null, null, null, null, null, null, null, null, null, null, null, null, null, null, null, null, null, null, null, null, null, null, null, null, null, null, null, null, null, null, null, null, null, null, null, null, null, null, null, null, null, null, null, null, null, null, null, null, null, null, null, null, null, null, null, null, null, null, null, null, null, null, null, null, null, null, null, null, null, null, null, null, null, null, null, null, null, null, null, null, null, null, null, null, null, null, null, null, null, null, null, null, null, null, null, null, null, null, null, null, null], "GPS_Alt": [null, null, null, null, null, null, null, null, null, null, null, null, null, null, null, null, null, null, null, null, null, null, null, null, null, null, null, null, null, null, null, null, null, null, null, null, null, null, null, null, null, null, null, null, null, null, null, null, null, null, null, null, null, null, null, null, null, 277.1, null, 274.241, null, 271.802, null, 269.846, null, 266.287, null, 263.459, null, 260.149, null, 258.277, null, 251.607, null, 242.123, null, 238.079, null, 236.967, null, 232.924, null, null, null, 244.754, null, 245.372, null, 242.63, null, 246.975, null, 249.865, null, null, null, 248.81, null, 241.424, null, 241.071, null, 239.339, null, 234.804, null, null, null, 231.827, null, 229.205, null, 224.275, null, 227.93, null, 225.292, null, 213.659], "GPS_Lat": [null, null, null, null, null, null, null, null, null, null, null, null, null, null, null, null, null, null, null, null, null, null, null, null, null, null, null, null, null, null, null, null, null, null, null, null, null, null, null, null, null, null, null, null, null, null, null, null, null, null, null, null, null, null, null, null, null, 48.951383464, null, 48.951367662, null, 48.951353147, null, 48.95134171, null, 48.951315479, null, 48.951284437, null, 48.951244123, null, 48.951217862, null, 48.95113393, null, 48.951025114, null, 48.950964451, null, 48.95094609, null, 48.95088487, null, null, null, 48.950947286, null, 48.950942677, null, 48.950889391, null, 48.95088286, null, 48.950885741, null, null, null, 48.950745062, null, 48.950642237, null, 48.950625071, null, 48.950570666, null, 48.95049221, null, null, null, 48.950411224, null, 48.950353545, null, 48.95023563, null, 48.950272502, null, 48.950242653, null, 48.950119603], "TIME": [11.66, 12.86, 13.98, 14.96, 16.02, 16.99, 18.01, 19.0, 20.11, 21.1, 22.15, 23.13, 24.22, 25.19, 26.28, 27.31, 28.3, 29.32, 30.36, 31.37, 32.39, 33.38, 34.43, 35.44, 36.5, 37.55, 38.61, 39.58, 40.69, 41.66, 42.7, 43.68, 44.7, 45.68, 46.74, 47.69, 48.76, 49.81, 50.91, 51.79, 52.69, 53.58, 54.58, 55.4, 56.28, 57.26, 58.37, 59.35, 60.38, 61.32, 62.41, 63.45, 64.55, 65.56, 66.59, 67.57, 68.67, 69.63, 70.76, 71.73, 72.83, 73.87, 74.93, 76.01, 77.06, 77.95, 79.06, 80.06, 81.14, 82.24, 83.34, 84.53, 85.83, 87.16, 88.42, 89.36, 90.23, 91.04, 91.91, 92.72, 93.59, 94.41, 95.29, 96.14, 97.04, 97.89, 98.76, 99.6, 100.46, 101.29, 102.15, 102.97, 103.87, 104.69, 105.59, 106.43, 107.31, 108.16, 109.05, 109.87, 110.84, 111.67, 112.59, 113.41, 114.27, 115.1, 115.99, 116.85, 117.73, 118.57, 119.41, 120.25, 121.09, 121.93, 122.85, 123.67, 124.56, 125.4, 126.26, 127.08], "ENGINE_LOAD": [22.35, 22.75, 22.75, 22.75, 22.35, 22.75, 22.75, 22.75, 22.35, 22.75, 22.75, 22.75, 23.14, 22.75, 23.14, 22.75, 22.75, 23.14, 22.75, 22.75, 22.35, 21.96, 22.35, 21.96, 21.96, 22.35, 21.96, 22.35, 22.35, 22.35, 22.35, 21.96, 22.35, 22.35, 21.57, 21.96, 22.35, 21.96, 21.96, 21.96, 21.96, 22.35, 21.96, 22.35, 21.96, 22.35, 21.96, 22.35, 21.96, 22.35, 21.96, 22.75, 22.35, 21.96, 21.96, 22.35, 22.35, 21.96, 22.35, 21.96, 22.35, 22.35, 21.57, 41.18, 49.02, 29.41, 25.88, 24.71, 22.35, 9.02, 16.08, 45.1, 56.86, 40.39, 36.47, 21.57, 13.33, 41.57, 29.02, 27.84, 28.24, 28.63, 27.84, 22.35, 12.16, 52.55, 57.25, 32.55, 29.02, 42.35, 28.63, 29.02, 30.2, 29.02, 18.04, 18.43, 25.49, 24.71, 23.53, 25.49, 24.31, 23.53, 23.53, 23.53, 23.92, 23.53, 23.14, 23.14, 23.53, 23.53, 23.14, 23.14, 23.14, 23.14, 23.14, 22.75, 22.75, 22.75, 22.75, 23.53], "RELATIVE_ACCEL_POS": [0.0, 0.0, 0.0, 0.0, 0.0, 0.0, 0.0, 0.0, 0.0, 0.0, 0.0, 0.0, 0.0, 0.0, 0.0, 0.0, 0.0, 0.0, 0.0, 0.0, 0.0, 0.0, 0.0, 0.0, 0.0, 0.0, 0.0, 0.0, 0.0, 0.0, 0.0, 0.0, 0.0, 0.0, 0.0, 0.0, 0.0, 0.0, 0.0, 0.0, 0.0, 0.0, 0.0, 0.0, 0.0, 0.0, 0.0, 0.0, 0.0, 0.0, 0.0, 0.0, 0.0, 0.0, 0.0, 0.0, 0.0, 0.0, 0.0, 0.0, 0.0, 0.0, 8.63, 9.02, 8.63, 8.63, 9.41, 4.71, 8.24, 0.0, 0.0, 20.78, 22.75, 11.37, 9.02, 0.0, 12.55, 10.59, 8.63, 8.24, 8.63, 8.63, 8.24, 0.0, 7.45, 16.86, 14.51, 4.71, 8.63, 6.27, 5.49, 5.49, 5.49, 4.31, 0.0, 0.39, 6.67, 6.67, 6.67, 7.45, 6.67, 6.67, 6.67, 6.67, 6.67, 6.67, 6.67, 6.67, 6.67, 6.67, 6.67, 6.67, 6.67, 6.67, 6.67, 6.67, 6.67, 6.67, 7.06, 7.84],