{"MAF": [0.0, 0.0, 0.0, 0.0, 0.0, 0.0, 0.0, 0.0, 0.0, 0.0, 0.0, 0.0, 0.0, 0.0, 0.0, 0.0, 0.0, 0.0, 0.0, 0.0, 0.0, 0.0, 0.0, 0.0, 0.0, 0.0, 0.0, 0.0, 0.0, 0.0, 0.0, 0.0, 0.0, 0.0, 0.0, 0.0, 0.0, 0.0, 0.0, 0.0, 0.0, 0.0, 0.0, 0.0, 0.0, 0.0, 0.0, 0.0, 0.0, 0.0, 0.0, 0.0, 0.0, 0.0, 0.0, 0.0, 0.0, 0.0, 0.0, 0.0, 0.0, 0.0, 0.0, 0.0, 0.0, 0.0, 0.0, 0.0, 0.0, 0.0, 0.0, 0.0, 0.0, 0.0, 0.0, 0.0, 0.0], "GPS_Long": [null, 8.971134615, null, 8.971133649, null, 8.971133245, null, 8.971133557, null, 8.97113365, null, 8.971134004, null, 8.971135019, null, 8.97113651, null, 8.971136865, null, 8.971137745, null, 8.97113903, null, 8.971139541, null, null, null, 8.971140705, null, 8.971140556, null, 8.971140357, null, 8.971139931, null, null, null, 8.971138291, null, 8.971136765, null, 8.97113558, null, 8.971134452, null, 8.971133912, null, 8.971132628, null, 8.971132968, null, 8.971133181, null, 8.971132258, null, 8.971131165, null, 8.971129249, null, 8.971128695, null, 8.971128362, null, null, null, 8.97112783, null, 8.971127993, null, 8.971127879, null, 8.971128241, null, 8.971127467, null, 8.971128248, null], "AMBIANT_AIR_TEMP": [10.0, 10.0, 10.0, 10.0, 10.0, 10.0, 10.0, 10.0, 10.0, 10.0, 10.0, 10.0, 10.0, 10.0, 10.0, 10.0, 10.0, 10.0, 10.0, 10.0, 10.0, 10.0, 10.0, 10.0, 10.0, 10.0, 10.0, 10.0, 10.0, 10.0, 10.0, 10.0, 10.0, 10.0, 10.0, 10.0, 10.0, 10.0, 10.0, 10.0, 10.0, 10.0, 10.0, 10.0, 10.0, 10.0, 10.0, 10.0, 10.0, 10.0, 10.0, 10.0, 10.0, 10.0, 10.0, 10.0, 10.0, 10.0, 10.0, 10.0, 10.0, 10.0, 10.0, 10.0, 10.0, 10.0, 10.0, 10.0, 10.0, 10.0, 10.0, 10.0, 10.0, 10.0, 0.0, 0.0, 0.0], "GPS_Lat": [null, 48.951214651, null, 48.951212232, null, 48.9512109, null, 48.95121083, null, 48.951211749, null, 48.951213531, null, 48.951215312, null, 48.951218208, null, 48.951219872, null, 48.95122125, null, 48.951223069, null, 48.951224731, null, null, null, 48.951229402, null, 48.951230173, null, 48.951230455, null, 48.951231128, null, null, null, 48.951233845, null, 48.951234595, null, 48.951235821, null, 48.951236184, null, 48.951237112, null, 48.951235996, null, 48.951238244, null, 48.951239445, null, 48.951239887, null, 48.951239851, null, 48.951238928, null, 48.951239258, null, 48.951239905, null, null, null, 48.951237763, null, 48.951237171, null, 48.951236363, null, 48.951235966, null, 48.95123575, null, 48.95123521, null], "INTERNAL_AIR_TEMP": [null, null, null, null, null, null, null, null, null, null, null, null, null, null, null, null, null, null, null, null, null, null, null, null, null, null, null, null, null, null, null, null, null, null, null, null, null, null, null, null, null, null, null, null, null, null, null, null, null, null, null, null, null, null, null, null, null, null, null, null, null, null, null, null, null, null, null, null, null, null, null, null, null, null, null, null, null], "ENGINE_LOAD": [0.0, 0.0, 0.0, 0.0, 0.0, 0.0, 0.0, 0.0, 0.0, 0.0, 0.0, 0.0, 0.0, 0.0, 0.0, 0.0, 0.0, 0.0, 0.0, 0.0, 0.0, 0.0, 0.0, 0.0, 0.0, 0.0, 0.0, 0.0, 0.0, 0.0, 0.0, 0.0, 0.0, 0.0, 0.0, 0.0, 0.0, 0.0, 0.0, 0.0, 0.0, 0.0, 0.0, 0.0, 0.0, 0.0, 0.0, 0.0, 0.0, 0.0, 0.0, 0.0, 0.0, 0.0, 0.0, 0.0, 0.0, 0.0, 0.0, 0.0, 0.0, 0.0, 0.0, 0.0, 0.0, 0.0, 0.0, 0.0, 0.0, 0.0, 0.0, 0.0, 0.0, 0.0, 0.0, 0.0, 0.0], "SPEED": [0.0, 0.0, 0.0, 0.0, 0.0, 0.0, 0.0, 0.0, 0.0, 0.0, 0.0, 0.0, 0.0, 0.0, 0.0, 0.0, 0.0, 0.0, 0.0, 0.0, 0.0, 0.0, 0.0, 0.0, 0.0, 0.0, 0.0, 0.0, 0.0, 0.0, 0.0, 0.0, 0.0, 0.0, 0.0, 0.0, 0.0, 0.0, 0.0, 0.0, 0.0, 0.0, 0.0, 0.0, 0.0, 0.0, 0.0, 0.0, 0.0, 0.0, 0.0, 0.0, 0.0, 0.0, 0.0, 0.0, 0.0, 0.0, 0.0, 0.0, 0.0, 0.0, 0.0, 0.0, 0.0, 0.0, 0.0, 0.0, 0.0, 0.0, 0.0, 0.0, 0.0, 0.0, 0.0, 0.0, 0.0], "GPS_Alt": [null, 250.022, null, 250.005, null, 250.12, null, 250.379, null, 250.529, null, 250.701, null, 250.992, null, 251.481, null, 251.638, null, 251.876, null, 252.177, null, 252.321, null, null, null, 252.877, null, 253.08, null, 253.159, null, 253.253, null, null, null, 253.587, null, 253.686, null, 253.899, null, 253.864, null, 253.973, null, 254.055, null, 254.394, null, 254.397, null, 254.129, null, 253.92, null, 253.691, null, 253.832, null, 253.955, null, null, null, 253.764, null, 253.768, null, 253.648, null, 253.341, null, 253.177, null, 252.752, null], "GPS_Time": [null, "2019-03-19T18:14:37.000Z", null, "2019-03-19T18:14:39.000Z", null, "2019-03-19T18:14:41.000Z", null, "2019-03-19T18:14:43.000Z", null, "2019-03-19T18:14:45.000Z", null, "2019-03-19T18:14:47.000Z", null, "2019-03-19T18:14:49.000Z", null, "2019-03-19T18:14:52.000Z", null, "2019-03-19T18:14:54.000Z", null, "2019-03-19T18:14:56.000Z", null, "2019-03-19T18:14:58.000Z", null, "2019-03-19T18:15:00.000Z", null, null, null, "2019-03-19T18:15:05.000Z", null, "2019-03-19T18:15:07.000Z", null, "2019-03-19T18:15:08.000Z", null, "2019-03-19T18:15:10.000Z", null, null, null, "2019-03-19T18:15:15.000Z", null, "2019-03-19T18:15:17.000Z", null, "2019-03-19T18:15:19.000Z", null, "2019-03-19T18:15:21.000Z", null, "2019-03-19T18:15:23.000Z", null, "2019-03-19T18:15:25.000Z", null, "2019-03-19T18:15:27.000Z", null, "2019-03-19T18:15:29.000Z", null, "2019-03-19T18:15:31.000Z", null, "2019-03-19T18:15:33.000Z", null, "2019-03-19T18:15:36.000Z", null, "2019-03-19T18:15:38.000Z", null, "2019-03-19T18:15:40.000Z", null, null, null, "2019-03-19T18:15:44.000Z", null, "2019-03-19T18:15:46.000Z", null, "2019-03-19T18:15:48.000Z", null, "2019-03-19T18:15:51.000Z", null, "2019-03-19T18:15:53.000Z", null, "2019-03-19T18:15:56.000Z", null], "FUEL_LEVEL": [null, 22.75, null, 22.75, null, 22.75, null, 22.75, null, 22.35, null, 22.75, null, 22.75, null, 22.75, null, 22.75, null, 22.75, null, 22.35, null, 22.75, null, 22.75, null, 22.75, null, 22.75, null, 22.75, null, 22.35, null, 22.75, null, 22.75, null, 22.75, null, 22.75, null, 22.75, null, 22.75, null, 22.75, null, 22.75, null, 22.75, null, 22.75, null, 22.75, null, 22.75, null, 22.75, null, 22.75, null, 22.75, null, 22.75, null, 22.75, null, 22.75, null, 22.75, null, 22.75, null, 0.0, null], "RPM": [0.0, 0.0, 0.0, 0.0, 0.0, 0.0, 0.0, 0.0, 0.0, 0.0, 0.0, 0.0, 0.0, 0.0, 0.0, 0.0, 0.0, 0.0, 0.0, 0.0, 0.0, 0.0, 0.0, 0.0, 0.0, 0.0, 0.0, 0.0, 0.0, 0.0, 0.0, 0.0, 0.0, 0.0, 0.0, 0.0, 0.0, 0.0, 0.0, 0.0, 0.0, 0.0, 0.0, 0.0, 0.0, 0.0, 0.0, 0.0, 0.0, 0.0, 0.0, 0.0, 0.0, 0.0, 0.0, 0.0, 0.0, 0.0, 0.0, 0.0, 0.0, 0.0, 0.0, 0.0, 0.0, 0.0, 0.0, 0.0, 0.0, 0.0, 0.0, 0.0, 0.0, 0.0, 0.0, 0.0, 0.0], "COMMANDED_EQUIV_RATIO": [2.0, 2.0, 2.0, 2.0, 2.0, 2.0, 2.0, 2.0, 2.0, 2.0, 2.0, 2.0, 2.0, 2.0, 2.0, 2.0, 2.0, 2.0, 2.0, 2.0, 2.0, 2.0, 2.0, 2.0, 2.0, 2.0, 2.0, 2.0, 2.0, 2.0, 2.0, 2.0, 2.0, 2.0, 2.0, 2.0, 2.0, 2.0, 2.0, 2.0, 2.0, 2.0, 2.0, 2.0, 2.0, 2.0, 2.0, 2.0, 2.0, 2.0, 2.0, 2.0, 2.0, 2.0, 2.0, 2.0, 2.0, 2.0, 2.0, 2.0, 2.0, 2.0, 2.0, 2.0, 2.0, 2.0, 2.0, 2.0, 2.0, 2.0, 2.0, 2.0, 2.0, 2.0, 0.0, 0.0, 0.0], "TIME": [10.53, 11.79, 13.05, 14.1, 15.2, 16.24, 17.27, 18.28, 19.43, 20.42, 21.55, 22.53, 23.65, 24.71, 25.84, 26.86, 27.98, 29.01, 30.14, 31.15, 32.25, 33.27, 34.42, 35.49, 36.54, 37.66, 38.78, 39.79, 40.86, 41.94, 42.87, 43.74, 44.66, 45.66, 46.74, 47.75, 48.91, 49.94, 50.92, 51.92, 52.99, 54.04, 55.08, 56.15, 57.22, 58.24, 59.31, 60.3, 61.39, 62.44, 63.46, 64.42, 65.56, 66.54, 67.62, 68.73, 69.8, 70.82, 71.89, 72.96, 74.04, 75.11, 76.25, 77.23, 78.41, 79.45, 80.54, 81.63, 82.71, 83.69, 84.84, 85.88, 86.91, 87.97, 89.23, 91.6, 94.28], "RELATIVE_ACCEL_POS": [0.0, 0.0, 0.0, 0.0, 0.0, 0.0, 0.0, 0.0, 0.0, 0.0, 0.0, 0.0, 0.0, 0.0, 0.0, 0.0, 0.0, 0.0, 0.0, 0.0, 0.0, 0.0, 0.0, 0.0, 0.0, 0.0, 0.0, 0.0, 0.0, 0.0, 0.0, 0.0, 0.0, 0.0, 0.0, 0.0, 0.0, 0.0, 0.0, 0.0, 0.0, 0.0, 0.0, 0.0, 0.0, 0.0, 0.0, 0.0, 0.0, 0.0, 0.0, 0.0, 0.0, 0.0, 0.0, 0.0, 0.0, 0.0, 0.0, 0.0, 0.0, 0.0, 0.0, 0.0, 0.0, 0.0, 0.0, 0.0, 0.0, 0.0, 0.0, 0.0, 0.0, 0.0, 0.0, 0.0, 0.0]}